Image_Name,Box_Index,True_Width,True_Height,Area,Aspect_Ratio,Mean_Luminance
FN_0189b7f9-d59e-4185-89e2-e842da1a703f_0.jpg,0,37.0,59.0,2183.01,0.6271,76.4545
FN_053d88d7-0048-4f6d-9657-72f9769341a6_0.jpg,0,92.0,68.0,6255.99,1.3529,112.616
FN_053d88d7-0048-4f6d-9657-72f9769341a6_1.jpg,1,78.0,47.0,3665.97,1.6596,107.7423
FN_053d88d7-0048-4f6d-9657-72f9769341a6_2.jpg,2,58.0,73.0,4234.02,0.7945,146.5124
FN_053d88d7-0048-4f6d-9657-72f9769341a6_3.jpg,3,47.0,35.0,1645.0,1.3428,116.5423
FN_053d88d7-0048-4f6d-9657-72f9769341a6_4.jpg,4,48.0,46.0,2208.01,1.0435,130.4561
FN_06a89d2e-1eb8-41f0-be29-7d1f708d6d1d_0.jpg,0,65.0,160.0,10400.07,0.4063,83.1661
FN_06cd9896-f7aa-49d8-bed1-e637a97441c1_0.jpg,0,50.0,50.0,2499.99,1.0,105.8326
FN_06cd9896-f7aa-49d8-bed1-e637a97441c1_1.jpg,1,64.0,54.0,3455.98,1.1852,111.3333
FN_06cd9896-f7aa-49d8-bed1-e637a97441c1_2.jpg,2,63.0,58.0,3654.0,1.0862,130.612
FN_0776624a-04da-49ff-af8e-f30929b13e8e_0.jpg,0,50.0,69.0,3450.0,0.7246,136.6032
FN_0776624a-04da-49ff-af8e-f30929b13e8e_1.jpg,1,41.0,53.0,2173.0,0.7736,139.3166
FN_086b62f5-609f-48e5-857d-162be9738544_0.jpg,0,39.0,47.0,1832.98,0.8298,119.9699
FN_086b62f5-609f-48e5-857d-162be9738544_1.jpg,1,121.0,62.0,7502.01,1.9516,132.1262
FN_095ade03-61e4-49f1-b9ab-762044336d1e_0.jpg,0,56.0,39.0,2184.02,1.4359,92.8921
FN_095ade03-61e4-49f1-b9ab-762044336d1e_1.jpg,1,37.0,56.0,2072.03,0.6607,85.263
FN_095ade03-61e4-49f1-b9ab-762044336d1e_2.jpg,2,38.0,44.0,1671.99,0.8636,114.3723
FN_09b83f28-a42c-4741-92fb-a012814f0b9f_0.jpg,0,66.0,19.0,1254.02,3.4736,111.5067
FN_09b83f28-a42c-4741-92fb-a012814f0b9f_1.jpg,1,39.0,25.0,975.0,1.56,144.1223
FN_0a6e732a-f22f-4fc6-a786-c17b5aeb6aff_0.jpg,0,48.0,42.0,2016.02,1.1428,89.9388
FN_0addc041-a6b6-4643-8e10-8b9c51e932f1_0.jpg,0,69.0,56.0,3864.04,1.2321,79.0894
FN_0ba3aed7-faea-44b9-bf10-f483968e44d6_0.jpg,0,52.0,51.0,2652.0,1.0196,99.4741
FN_0cfc27aa-1514-49fe-b84f-cad3cf3b605c_0.jpg,0,35.0,41.0,1435.01,0.8537,58.2746
FN_0dd3d5aa-1cc8-48d2-bf19-17072406f7a6_0.jpg,0,56.0,40.0,2239.99,1.4,89.1103
FN_0dd86dcb-39f6-46d3-8590-2167c85f2bfd_0.jpg,0,58.0,39.0,2262.02,1.4872,137.6826
FN_0dd86dcb-39f6-46d3-8590-2167c85f2bfd_1.jpg,1,46.0,59.0,2714.0,0.7797,130.9783
FN_0dd86dcb-39f6-46d3-8590-2167c85f2bfd_2.jpg,2,69.0,43.0,2967.0,1.6047,97.1707
FN_0dd86dcb-39f6-46d3-8590-2167c85f2bfd_3.jpg,3,44.0,38.0,1671.99,1.1579,136.2515
FN_0e75a97c-68b4-4508-831e-f8b2ab765864_0.jpg,0,37.0,36.0,1332.0,1.0278,104.769
FN_0e75a97c-68b4-4508-831e-f8b2ab765864_1.jpg,1,44.0,37.0,1628.02,1.1892,97.3499
FN_0f5350bf-fb6c-4d63-a93a-5b7a72936f17_0.jpg,0,47.0,38.0,1785.97,1.2368,132.4576
FN_11dc556c-8a75-4ec8-97cb-9ebce2a941cd_0.jpg,0,104.0,45.0,4679.95,2.3111,119.9706
FN_123c3e25-bcb8-47a7-be09-a00d7ae0de4a_0.jpg,0,39.0,27.0,1052.99,1.4445,87.3495
FN_123c3e25-bcb8-47a7-be09-a00d7ae0de4a_1.jpg,1,57.0,35.0,1995.02,1.6286,77.0039
FN_128be1d2-aba0-4e3a-9246-a731afbce2e1_0.jpg,0,40.0,19.0,760.0,2.1052,53.661
FN_128be1d2-aba0-4e3a-9246-a731afbce2e1_1.jpg,1,61.0,29.0,1768.97,2.1035,44.0399
FN_128be1d2-aba0-4e3a-9246-a731afbce2e1_2.jpg,2,69.0,46.0,3174.02,1.5,60.9506
FN_128be1d2-aba0-4e3a-9246-a731afbce2e1_3.jpg,3,58.0,46.0,2668.03,1.2609,53.2227
FN_128be1d2-aba0-4e3a-9246-a731afbce2e1_4.jpg,4,52.0,49.0,2548.01,1.0612,34.7068
FN_128be1d2-aba0-4e3a-9246-a731afbce2e1_5.jpg,5,66.0,46.0,3036.0,1.4348,37.2775
FN_128be1d2-aba0-4e3a-9246-a731afbce2e1_6.jpg,6,43.0,36.0,1547.98,1.1944,49.0713
FN_128be1d2-aba0-4e3a-9246-a731afbce2e1_7.jpg,7,54.0,38.0,2051.96,1.4211,31.4456
FN_128be1d2-aba0-4e3a-9246-a731afbce2e1_8.jpg,8,68.0,37.0,2516.0,1.8378,40.6701
FN_12a8f86e-ac9c-445e-9635-895eac7fb2ee_0.jpg,0,47.0,52.0,2443.97,0.9038,132.8518
FN_12a8f86e-ac9c-445e-9635-895eac7fb2ee_1.jpg,1,33.0,68.0,2244.02,0.4853,119.3405
FN_13189113-9882-4456-8109-5da9a9f904b6_0.jpg,0,59.0,61.0,3598.97,0.9672,142.6776
FN_14f6b5b5-2e03-4875-9c33-1a670aa18d42_0.jpg,0,101.0,26.0,2626.04,3.8846,59.4977
FN_167e69bb-9bfb-4421-83ef-2ff1efcd4334_0.jpg,0,124.0,74.0,9176.07,1.6757,146.7579
FN_176b7d37-b787-4705-b73b-eda0e9deb742_0.jpg,0,43.0,34.0,1461.99,1.2647,175.1672
FN_176b7d37-b787-4705-b73b-eda0e9deb742_1.jpg,1,31.0,56.0,1735.99,0.5536,125.1556
FN_18beaa43-9e49-42ff-b4ae-048c801b4144_0.jpg,0,31.0,27.0,836.98,1.1481,105.0055
FN_18beaa43-9e49-42ff-b4ae-048c801b4144_1.jpg,1,59.0,30.0,1770.0,1.9667,143.2059
FN_18beaa43-9e49-42ff-b4ae-048c801b4144_2.jpg,2,48.0,27.0,1295.99,1.7778,113.8697
FN_1960da7f-274e-49cc-8087-a40b1c5fe2da_0.jpg,0,110.0,61.0,6709.97,1.8033,26.5392
FN_19a6ef9b-b283-41c5-b4ee-d1e3c1151bb1_0.jpg,0,32.0,34.0,1088.0,0.9412,148.4816
FN_19c4d9ec-c24a-42e5-833b-c65c93396b53_0.jpg,0,57.0,45.0,2564.98,1.2667,125.9596
FN_1ad573cf-224f-4354-bece-06b2d6c0376f_0.jpg,0,27.0,59.0,1592.98,0.4576,95.6421
FN_1ef11362-b7b7-4741-8623-1702f38dae7f_0.jpg,0,62.0,36.0,2231.99,1.7222,104.9043
FN_1ef11362-b7b7-4741-8623-1702f38dae7f_1.jpg,1,96.0,36.0,3455.98,2.6667,130.7669
FN_1f954a52-db57-47fc-a547-745c3d7a2baa_0.jpg,0,72.0,30.0,2159.99,2.4,154.3343
FN_2138e812-300a-45af-b8e1-d8501af6ec8f_0.jpg,0,29.0,24.0,696.01,1.2083,92.182
FN_25264784-9947-4028-99ac-f8c62c57da68_0.jpg,0,58.0,65.0,3770.05,0.8923,29.1961
FN_26a8dc41-3445-49d0-9f74-73b9caac9778_0.jpg,0,42.0,57.0,2394.02,0.7368,62.9381
FN_28349bf6-b34b-47f6-a33d-c5167e2f4e6e_0.jpg,0,45.0,62.0,2789.99,0.7258,156.8844
FN_28349bf6-b34b-47f6-a33d-c5167e2f4e6e_1.jpg,1,50.0,40.0,1999.97,1.25,124.4502
FN_294493e2-16c9-4bac-aa96-65a232b6ebd3_0.jpg,0,93.0,39.0,3626.99,2.3846,54.666
FN_29b06f30-e9fe-4230-ab86-fd7d7b1d1747_0.jpg,0,52.0,28.0,1456.01,1.8571,136.4762
FN_29b06f30-e9fe-4230-ab86-fd7d7b1d1747_1.jpg,1,93.0,30.0,2790.0,3.1,146.029
FN_29c30556-8f97-4ac3-819e-8eec71a38ca0_0.jpg,0,43.0,24.0,1032.02,1.7916,91.1018
FN_29e49e8a-c7b2-4a26-98b9-118ee7977ea5_0.jpg,0,53.0,29.0,1536.99,1.8276,119.5909
FN_29e49e8a-c7b2-4a26-98b9-118ee7977ea5_1.jpg,1,25.0,25.0,625.0,1.0,129.0966
FN_2a627d0c-5b06-4a3d-bc23-5f0fbdda8f25_0.jpg,0,40.0,43.0,1719.97,0.9302,63.6864
FN_2a66199b-3bf0-451b-bf08-fff5b1572ab3_0.jpg,0,40.0,30.0,1199.99,1.3333,96.9064
FN_2a66199b-3bf0-451b-bf08-fff5b1572ab3_1.jpg,1,43.0,39.0,1677.0,1.1026,114.1389
FN_2abcd24e-4039-4b96-ade6-f15cf5c1db72_0.jpg,0,65.0,20.0,1299.99,3.2501,112.5708
FN_2b7c96eb-20f4-4ec7-b80a-29199be6ebf3_0.jpg,0,48.0,54.0,2591.98,0.8889,66.5716
FN_2bb81838-e19d-420e-ab44-36415a061b4d_0.jpg,0,55.0,110.0,6050.02,0.5,58.9141
FN_2cf7cca4-3afb-413c-a0af-04f49455b56b_0.jpg,0,38.0,52.0,1975.97,0.7308,122.3772
FN_2cf7cca4-3afb-413c-a0af-04f49455b56b_1.jpg,1,31.0,22.0,681.98,1.4091,115.1311
FN_2cf7cca4-3afb-413c-a0af-04f49455b56b_2.jpg,2,37.0,36.0,1332.0,1.0278,129.2099
FN_2db955ad-8640-4310-9230-e00cecdf88ab_0.jpg,0,64.0,84.0,5375.98,0.7619,58.3855
FN_2db955ad-8640-4310-9230-e00cecdf88ab_1.jpg,1,37.0,62.0,2294.02,0.5968,23.3668
FN_2e23fc12-7d9e-4de2-a454-ebbbcb64e410_0.jpg,0,43.0,62.0,2665.99,0.6935,80.5226
FN_32c518f9-db77-420b-ba5e-25eb72766201_0.jpg,0,48.0,41.0,1968.0,1.1707,111.7692
FN_35c90bce-08ff-4b09-84f6-d1e810c3c96b_0.jpg,0,55.0,37.0,2035.01,1.4865,92.1266
FN_35c90bce-08ff-4b09-84f6-d1e810c3c96b_1.jpg,1,23.0,20.0,460.0,1.15,132.269
FN_35c90bce-08ff-4b09-84f6-d1e810c3c96b_2.jpg,2,24.0,33.0,792.03,0.7273,71.9385
FN_35c90bce-08ff-4b09-84f6-d1e810c3c96b_3.jpg,3,22.0,19.0,418.0,1.1579,68.2949
FN_35c90bce-08ff-4b09-84f6-d1e810c3c96b_4.jpg,4,56.0,34.0,1904.01,1.6471,129.4986
FN_35c90bce-08ff-4b09-84f6-d1e810c3c96b_5.jpg,5,48.0,35.0,1680.01,1.3714,116.8738
FN_387db64e-a953-45b8-a5c5-8488c4058c1d_0.jpg,0,71.0,60.0,4260.02,1.1833,122.4837
FN_387db64e-a953-45b8-a5c5-8488c4058c1d_1.jpg,1,53.0,42.0,2226.03,1.2619,101.6292
FN_387db64e-a953-45b8-a5c5-8488c4058c1d_2.jpg,2,44.0,48.0,2112.01,0.9167,104.7058
FN_387db64e-a953-45b8-a5c5-8488c4058c1d_3.jpg,3,53.0,33.0,1749.03,1.606,137.2444
FN_387db64e-a953-45b8-a5c5-8488c4058c1d_4.jpg,4,42.0,41.0,1722.01,1.0244,116.003
FN_3931ac66-53b6-4b89-b2dc-ea6a9c9b72f2_0.jpg,0,47.0,54.0,2537.96,0.8704,156.177
FN_395fcc2b-5bff-4057-a0fe-41219b8f36c8_0.jpg,0,59.0,73.0,4306.98,0.8082,44.1836
FN_395fcc2b-5bff-4057-a0fe-41219b8f36c8_1.jpg,1,29.0,25.0,724.99,1.16,50.7367
FN_395fcc2b-5bff-4057-a0fe-41219b8f36c8_2.jpg,2,54.0,50.0,2699.98,1.08,54.6781
FN_395fcc2b-5bff-4057-a0fe-41219b8f36c8_3.jpg,3,83.0,59.0,4897.0,1.4068,44.9359
FN_395fcc2b-5bff-4057-a0fe-41219b8f36c8_4.jpg,4,66.0,54.0,3563.97,1.2222,47.0728
FN_395fcc2b-5bff-4057-a0fe-41219b8f36c8_5.jpg,5,48.0,42.0,2016.02,1.1428,27.713
FN_395fcc2b-5bff-4057-a0fe-41219b8f36c8_6.jpg,6,59.0,47.0,2772.97,1.2553,32.7888
FN_395fcc2b-5bff-4057-a0fe-41219b8f36c8_7.jpg,7,62.0,59.0,3658.0,1.0509,63.2308
FN_395fcc2b-5bff-4057-a0fe-41219b8f36c8_8.jpg,8,64.0,61.0,3903.98,1.0492,52.477
FN_395fcc2b-5bff-4057-a0fe-41219b8f36c8_9.jpg,9,46.0,36.0,1655.99,1.2778,36.6518
FN_395fcc2b-5bff-4057-a0fe-41219b8f36c8_10.jpg,10,67.0,56.0,3752.05,1.1964,70.4706
FN_39d5897f-8dda-40b7-a913-3f0cce56153a_0.jpg,0,32.0,37.0,1184.01,0.8649,139.3847
FN_3ab2b990-f512-419f-a255-4d41ecc40ed5_0.jpg,0,58.0,40.0,2319.99,1.45,99.1545
FN_3ab2b990-f512-419f-a255-4d41ecc40ed5_1.jpg,1,57.0,29.0,1652.98,1.9655,136.4881
FN_3ab2b990-f512-419f-a255-4d41ecc40ed5_2.jpg,2,72.0,53.0,3815.99,1.3585,119.6376
FN_3b635948-441a-4f3c-9854-bc873a52a3ad_0.jpg,0,42.0,39.0,1638.02,1.0769,128.4483
FN_3b635948-441a-4f3c-9854-bc873a52a3ad_1.jpg,1,35.0,33.0,1155.03,1.0606,129.6398
FN_3b635948-441a-4f3c-9854-bc873a52a3ad_2.jpg,2,35.0,75.0,2625.02,0.4667,121.4794
FN_3c8c056c-84db-479c-bce3-a29924c969c8_0.jpg,0,55.0,51.0,2805.02,1.0784,104.4355
FN_3d87f7f2-02e1-404c-8ffb-56282d242f41_0.jpg,0,95.0,69.0,6554.99,1.3768,56.8626
FN_3d87f7f2-02e1-404c-8ffb-56282d242f41_1.jpg,1,118.0,56.0,6608.04,2.1071,54.2221
FN_3d87f7f2-02e1-404c-8ffb-56282d242f41_2.jpg,2,52.0,44.0,2288.0,1.1818,43.7641
FN_3fa6bda4-44ad-4706-86a5-eec5501fb050_0.jpg,0,37.0,38.0,1405.99,0.9737,95.1385
FN_40150638-8c13-4a89-8673-c24f46610ce2_0.jpg,0,43.0,68.0,2923.98,0.6324,79.6132
FN_40e451be-1aeb-4788-a7c4-815e0b2a0160_0.jpg,0,44.0,44.0,1936.02,1.0,94.7055
FN_40f0fcea-3580-4fa3-a2b7-b664b4252eda_0.jpg,0,45.0,46.0,2069.99,0.9783,78.9423
FN_41942d6d-fbfa-478b-bc87-246086dff8dc_0.jpg,0,49.0,38.0,1862.0,1.2895,77.5768
FN_42ca804c-c826-42ae-afba-a015505de7a9_0.jpg,0,33.0,48.0,1584.02,0.6875,107.8925
FN_44278545-6b86-4694-8f71-02bda89460b9_0.jpg,0,62.0,85.0,5270.02,0.7294,86.8506
FN_44278545-6b86-4694-8f71-02bda89460b9_1.jpg,1,37.0,65.0,2405.03,0.5692,134.2415
FN_442a6ef3-5ed0-4160-a210-c44c01e76419_0.jpg,0,110.0,64.0,7040.01,1.7188,82.2272
FN_45186423-0cee-418f-9aef-ea883ab2317e_0.jpg,0,54.0,51.0,2754.0,1.0588,99.6809
FN_45186423-0cee-418f-9aef-ea883ab2317e_1.jpg,1,80.0,50.0,3999.99,1.6,88.0695
FN_4548e59c-f73f-4adb-a66f-64ee7585ca45_0.jpg,0,88.0,82.0,7216.03,1.0732,81.2511
FN_459d3424-6539-4d2f-b5b6-e0a132e1b4c7_0.jpg,0,45.0,49.0,2205.0,0.9184,107.9102
FN_459d3424-6539-4d2f-b5b6-e0a132e1b4c7_1.jpg,1,24.0,69.0,1656.04,0.3478,104.93
FN_46827c4b-8729-433b-846c-d1c2a457ddf2_0.jpg,0,48.0,55.0,2640.0,0.8727,66.0901
FN_46827c4b-8729-433b-846c-d1c2a457ddf2_1.jpg,1,55.0,27.0,1484.99,2.0371,83.3721
FN_46b81e46-2f10-4661-acd4-90fd4fd49211_0.jpg,0,28.0,31.0,868.0,0.9032,103.7396
FN_46b81e46-2f10-4661-acd4-90fd4fd49211_1.jpg,1,18.0,33.0,594.0,0.5454,125.0796
FN_46b81e46-2f10-4661-acd4-90fd4fd49211_2.jpg,2,67.0,49.0,3283.05,1.3673,106.8091
FN_49688b0d-e063-40a2-a94e-837f4ee7d88e_0.jpg,0,49.0,43.0,2107.01,1.1395,99.4319
FN_49688b0d-e063-40a2-a94e-837f4ee7d88e_1.jpg,1,66.0,43.0,2837.98,1.5349,96.1787
FN_49688b0d-e063-40a2-a94e-837f4ee7d88e_2.jpg,2,53.0,42.0,2226.03,1.2619,112.9477
FN_49688b0d-e063-40a2-a94e-837f4ee7d88e_3.jpg,3,91.0,101.0,9191.0,0.901,82.1428
FN_49688b0d-e063-40a2-a94e-837f4ee7d88e_4.jpg,4,65.0,60.0,3900.04,1.0833,105.0737
FN_49688b0d-e063-40a2-a94e-837f4ee7d88e_5.jpg,5,66.0,45.0,2969.97,1.4667,103.4989
FN_4a6b90a0-fdac-4804-b545-99b153e1c0cb_0.jpg,0,40.0,40.0,1599.96,1.0,101.9022
FN_4a6b90a0-fdac-4804-b545-99b153e1c0cb_1.jpg,1,43.0,47.0,2020.97,0.9149,130.2031
FN_4d33837b-b55b-435a-8a83-8d9e784ccd80_0.jpg,0,67.0,24.0,1608.04,2.7916,87.7449
FN_4d33837b-b55b-435a-8a83-8d9e784ccd80_1.jpg,1,48.0,46.0,2208.01,1.0435,92.5807
FN_4f1fd454-b309-4d5a-95c9-28b66f3642c3_0.jpg,0,54.0,64.0,3455.98,0.8437,83.5731
FN_4f2b787d-5975-4292-bbe3-652b73c6c633_0.jpg,0,54.0,48.0,2591.98,1.125,66.3236
FN_54104042-fa8a-41ed-8d4c-995c0ac5e829_0.jpg,0,62.0,26.0,1612.03,2.3846,138.7326
FN_54104042-fa8a-41ed-8d4c-995c0ac5e829_1.jpg,1,41.0,22.0,901.98,1.8637,123.9107
FN_54104042-fa8a-41ed-8d4c-995c0ac5e829_2.jpg,2,92.0,70.0,6439.98,1.3143,97.0638
FN_549b1d34-9a21-427c-a9b1-b432111c5331_0.jpg,0,59.0,44.0,2596.01,1.3409,60.2251
FN_555ac09b-9ef3-4c3a-8002-f4ae3980de2b_0.jpg,0,93.0,43.0,3998.97,2.1628,42.4273
FN_55c45a7a-59ea-4b4c-b04e-31bb736e141b_0.jpg,0,30.0,51.0,1530.02,0.5882,150.1532
FN_5626cf17-5b28-4fa2-9237-fa19573cccd6_0.jpg,0,56.0,49.0,2744.05,1.1429,43.8907
FN_57555d4c-83d0-4cf4-a5da-29ca3fff6cf1_0.jpg,0,62.0,28.0,1736.02,2.2143,128.2469
FN_57555d4c-83d0-4cf4-a5da-29ca3fff6cf1_1.jpg,1,43.0,50.0,2149.99,0.86,121.944
FN_57555d4c-83d0-4cf4-a5da-29ca3fff6cf1_2.jpg,2,52.0,46.0,2391.99,1.1304,126.7147
FN_57555d4c-83d0-4cf4-a5da-29ca3fff6cf1_3.jpg,3,32.0,50.0,1600.0,0.64,129.7096
FN_57555d4c-83d0-4cf4-a5da-29ca3fff6cf1_4.jpg,4,77.0,44.0,3388.01,1.75,130.5502
FN_57555d4c-83d0-4cf4-a5da-29ca3fff6cf1_5.jpg,5,105.0,47.0,4934.95,2.2341,114.2589
FN_58ac7004-40e7-41a1-82c3-c33f93c47ef7_0.jpg,0,24.0,31.0,744.01,0.7742,88.5299
FN_5a1cf37a-9b6b-4ce8-af7b-b74c1f4f1741_0.jpg,0,68.0,101.0,6867.99,0.6733,118.6789
FN_5a1cf37a-9b6b-4ce8-af7b-b74c1f4f1741_1.jpg,1,75.0,61.0,4574.97,1.2295,106.6761
FN_5abbeb1c-67d1-41ac-9b05-120b4b752ecf_0.jpg,0,77.0,63.0,4850.95,1.2222,138.0939
FN_5b825eb3-340a-4b51-a17a-680016fc4fba_0.jpg,0,67.0,53.0,3551.03,1.2642,70.0996
FN_5bd98f69-8e69-4f6f-bc48-5f9accb06c5e_0.jpg,0,40.0,91.0,3639.94,0.4396,131.907
FN_5cce5f57-c8c5-4df4-af81-454c11685d5c_0.jpg,0,87.0,44.0,3828.02,1.9773,37.7536
FN_5cce5f57-c8c5-4df4-af81-454c11685d5c_1.jpg,1,49.0,56.0,2744.05,0.875,37.6341
FN_5cd01f4c-2d96-4f03-a88c-d19d46ff5d5a_0.jpg,0,86.0,63.0,5417.93,1.3651,82.19
FN_60243943-e54e-4639-acf4-64eec8d73577_0.jpg,0,68.0,36.0,2447.97,1.8889,91.263
FN_6178bc2b-0518-462c-a01d-1df541ddbf75_0.jpg,0,45.0,56.0,2520.0,0.8036,177.0877
FN_6178bc2b-0518-462c-a01d-1df541ddbf75_1.jpg,1,30.0,60.0,1800.01,0.5,173.23
FN_6265fad7-69b9-4c5a-99bf-b1c632dac6f6_0.jpg,0,32.0,29.0,927.99,1.1035,74.7466
FN_6265fad7-69b9-4c5a-99bf-b1c632dac6f6_1.jpg,1,68.0,53.0,3604.0,1.283,68.3939
FN_6265fad7-69b9-4c5a-99bf-b1c632dac6f6_2.jpg,2,41.0,37.0,1517.01,1.1081,86.5535
FN_6265fad7-69b9-4c5a-99bf-b1c632dac6f6_3.jpg,3,61.0,44.0,2684.0,1.3863,110.7938
FN_63359cf4-6a5d-4c78-952c-b79f96434404_0.jpg,0,37.0,63.0,2330.99,0.5873,93.2219
FN_63359cf4-6a5d-4c78-952c-b79f96434404_1.jpg,1,49.0,53.0,2597.03,0.9245,125.9264
FN_63cab72c-de27-4b84-93f5-406d839760c3_0.jpg,0,47.0,58.0,2725.99,0.8103,59.0879
FN_63e01d22-6d3b-468e-86fe-8d2b05a44755_0.jpg,0,56.0,45.0,2520.01,1.2445,62.0053
FN_648d0f4e-8c9f-4b16-be7d-6ab8190214fe_0.jpg,0,58.0,43.0,2494.01,1.3489,119.6406
FN_648d0f4e-8c9f-4b16-be7d-6ab8190214fe_1.jpg,1,41.0,33.0,1353.02,1.2424,141.6486
FN_648d0f4e-8c9f-4b16-be7d-6ab8190214fe_2.jpg,2,37.0,48.0,1776.01,0.7708,136.9568
FN_648d0f4e-8c9f-4b16-be7d-6ab8190214fe_3.jpg,3,119.0,37.0,4403.02,3.2162,113.2561
FN_6564a4e5-9fab-4238-b53e-092b29d8db61_0.jpg,0,126.0,82.0,10331.99,1.5366,110.6392
FN_6564a4e5-9fab-4238-b53e-092b29d8db61_1.jpg,1,69.0,53.0,3657.02,1.3019,114.1707
FN_68400c7b-ace9-462f-aace-d6367bf60dbe_0.jpg,0,96.0,81.0,7776.04,1.1852,38.9877
FN_68400c7b-ace9-462f-aace-d6367bf60dbe_1.jpg,1,57.0,64.0,3648.0,0.8906,32.169
FN_68400c7b-ace9-462f-aace-d6367bf60dbe_2.jpg,2,115.0,208.0,23920.06,0.5529,32.4474
FN_684b4ab0-a2c2-4107-bc8e-f95f0922f9c1_0.jpg,0,62.0,27.0,1673.99,2.2963,109.4618
FN_69d6dbd2-c60f-44cb-9d48-583b6774803f_0.jpg,0,49.0,27.0,1323.0,1.8148,57.8087
FN_6a8d45bd-59bd-452a-92ae-534620db793a_0.jpg,0,29.0,33.0,957.0,0.8788,53.9471
FN_6a8d45bd-59bd-452a-92ae-534620db793a_1.jpg,1,58.0,59.0,3422.01,0.9831,62.1502
FN_6a8d45bd-59bd-452a-92ae-534620db793a_2.jpg,2,85.0,58.0,4930.04,1.4655,58.878
FN_6b3167d7-5e54-446e-b1b2-64bf22320654_0.jpg,0,54.0,55.0,2969.98,0.9818,112.4102
FN_6b3167d7-5e54-446e-b1b2-64bf22320654_1.jpg,1,60.0,57.0,3420.01,1.0526,96.2003
FN_6e8118e7-eaed-4886-8012-67360083e9df_0.jpg,0,51.0,93.0,4743.01,0.5484,106.332
FN_6eab125a-bd78-46e8-ba15-36626787e9c0_0.jpg,0,24.0,94.0,2256.05,0.2553,152.6167
FN_6eb95d5c-0f0e-46fd-9b6b-f0617017c702_0.jpg,0,58.0,38.0,2203.99,1.5263,112.0092
FN_6eb95d5c-0f0e-46fd-9b6b-f0617017c702_1.jpg,1,39.0,31.0,1208.99,1.2581,93.2077
FN_6eb95d5c-0f0e-46fd-9b6b-f0617017c702_2.jpg,2,68.0,35.0,2380.01,1.9428,111.3398
FN_6eb95d5c-0f0e-46fd-9b6b-f0617017c702_3.jpg,3,104.0,57.0,5927.96,1.8246,61.1658
FN_6eb95d5c-0f0e-46fd-9b6b-f0617017c702_4.jpg,4,48.0,37.0,1776.01,1.2973,90.238
FN_6eb95d5c-0f0e-46fd-9b6b-f0617017c702_5.jpg,5,53.0,39.0,2067.01,1.359,84.9575
FN_713ddaf9-aa9e-4afb-b30a-b69e2d59454d_0.jpg,0,102.0,45.0,4589.95,2.2667,77.2437
FN_71735ee0-f54f-46c7-aeab-17be6b0a5404_0.jpg,0,41.0,43.0,1762.99,0.9535,104.053
FN_72b89b95-c7c2-4af1-8ec4-470c8b183e77_0.jpg,0,79.0,64.0,5055.97,1.2344,60.2618
FN_72b89b95-c7c2-4af1-8ec4-470c8b183e77_1.jpg,1,94.0,41.0,3854.0,2.2927,59.2095
FN_7347f538-b8a8-464d-b996-b8d17fa6102e_0.jpg,0,66.0,34.0,2243.99,1.9412,57.1167
FN_7347f538-b8a8-464d-b996-b8d17fa6102e_1.jpg,1,105.0,139.0,14594.97,0.7554,53.0996
FN_73eb7999-7f1c-417c-a723-9a67dc035c6e_0.jpg,0,74.0,102.0,7548.01,0.7255,105.687
FN_742429f3-deda-4f56-987e-184261ff5b91_0.jpg,0,60.0,26.0,1560.03,2.3077,72.7008
FN_74898e9d-1af3-4f14-8119-c1c08e8b4583_0.jpg,0,51.0,56.0,2856.04,0.9107,59.0414
FN_74b9c258-36da-46e1-a4c1-9b9590b7be2e_0.jpg,0,53.0,67.0,3551.03,0.791,24.6317
FN_74b9c258-36da-46e1-a4c1-9b9590b7be2e_1.jpg,1,51.0,75.0,3825.01,0.68,34.6353
FN_75f559bb-deb3-4690-bfe9-8722e30e4661_0.jpg,0,57.0,66.0,3761.99,0.8636,45.9926
FN_75f559bb-deb3-4690-bfe9-8722e30e4661_1.jpg,1,54.0,32.0,1727.99,1.6875,25.6198
FN_765c637b-d3c1-4522-a0cf-aa399fbe2e0e_0.jpg,0,39.0,51.0,1989.02,0.7647,70.715
FN_765c637b-d3c1-4522-a0cf-aa399fbe2e0e_1.jpg,1,40.0,50.0,1999.97,0.8,77.579
FN_765c637b-d3c1-4522-a0cf-aa399fbe2e0e_2.jpg,2,33.0,41.0,1353.02,0.8049,95.8664
FN_765c637b-d3c1-4522-a0cf-aa399fbe2e0e_3.jpg,3,34.0,69.0,2346.0,0.4928,29.5683
FN_7751e882-0e2e-401d-bc1f-bdaf865021f8_0.jpg,0,60.0,25.0,1500.0,2.4,27.8792
FN_77c0318f-fc98-48ba-862f-41516dffc89d_0.jpg,0,65.0,87.0,5655.04,0.7471,105.9976
FN_7bf8adce-876a-4147-8c7b-4c514e6e3b84_0.jpg,0,47.0,61.0,2866.96,0.7705,112.4438
FN_7ca949bd-cf08-4311-8efd-00438eaad160_0.jpg,0,105.0,45.0,4724.97,2.3333,37.203
FN_7ca949bd-cf08-4311-8efd-00438eaad160_1.jpg,1,31.0,51.0,1580.99,0.6078,57.8204
FN_7d306d77-65ce-47f1-8e15-04e00efedced_0.jpg,0,103.0,99.0,10197.04,1.0404,101.0775
FN_7d306d77-65ce-47f1-8e15-04e00efedced_1.jpg,1,71.0,23.0,1633.01,3.0869,86.4013
FN_812d1397-cc35-4ba3-83b2-0c21e95080c0_0.jpg,0,31.0,44.0,1363.99,0.7045,86.8755
FN_82721f0c-ee1c-45f3-a2aa-f7cb3e15b0e8_0.jpg,0,45.0,30.0,1350.0,1.5,139.3439
FN_83084b1f-57b8-4a13-9712-a5bd28d25cca_0.jpg,0,57.0,54.0,3077.97,1.0556,133.3597
FN_83084b1f-57b8-4a13-9712-a5bd28d25cca_1.jpg,1,95.0,79.0,7504.92,1.2025,70.2488
FN_846c82d1-7168-4ee1-a1db-ea2c34a2dca3_0.jpg,0,40.0,35.0,1399.99,1.1428,100.4971
FN_846c82d1-7168-4ee1-a1db-ea2c34a2dca3_1.jpg,1,32.0,48.0,1536.0,0.6667,94.194
FN_862fbef2-1609-4f8e-8e28-ce41ec46a481_0.jpg,0,44.0,20.0,879.99,2.2,73.5044
FN_868a2e2f-eaf6-4a21-ac34-859ec8a11b42_0.jpg,0,69.0,74.0,5106.04,0.9324,118.6789
FN_868a2e2f-eaf6-4a21-ac34-859ec8a11b42_1.jpg,1,64.0,78.0,4992.01,0.8205,102.9522
FN_86a3b1aa-ad5f-4db0-90f2-80e191179cb7_0.jpg,0,25.0,97.0,2425.0,0.2577,64.8886
FN_86a3b1aa-ad5f-4db0-90f2-80e191179cb7_1.jpg,1,25.0,74.0,1850.01,0.3378,59.7418
FN_86a3b1aa-ad5f-4db0-90f2-80e191179cb7_2.jpg,2,25.0,94.0,2350.0,0.266,79.5424
FN_88e3b686-b537-450b-a3dd-2e2d66a53f27_0.jpg,0,69.0,62.0,4278.02,1.1129,104.3939
FN_88e3b686-b537-450b-a3dd-2e2d66a53f27_1.jpg,1,85.0,76.0,6460.04,1.1184,112.1324
FN_89147d88-0502-4b78-b71c-f6b8934fe543_0.jpg,0,62.0,205.0,12710.01,0.3024,92.0357
FN_89963240-def3-41b0-8c1e-80b8c3a67504_0.jpg,0,65.0,44.0,2860.04,1.4773,113.2444
FN_89963240-def3-41b0-8c1e-80b8c3a67504_1.jpg,1,86.0,50.0,4299.97,1.72,113.636
FN_8c783f48-d8f8-4832-af04-c09ff553d40e_0.jpg,0,69.0,28.0,1932.02,2.4643,126.2634
FN_8c783f48-d8f8-4832-af04-c09ff553d40e_1.jpg,1,39.0,44.0,1716.01,0.8864,126.8847
FN_8c8fb660-0a8c-45fd-a5b4-b06d30889742_0.jpg,0,54.0,30.0,1620.0,1.8,105.6363
FN_8c8fb660-0a8c-45fd-a5b4-b06d30889742_1.jpg,1,45.0,36.0,1619.98,1.25,112.7104
FN_8c8fb660-0a8c-45fd-a5b4-b06d30889742_2.jpg,2,72.0,70.0,5039.94,1.0286,106.1226
FN_8c8fb660-0a8c-45fd-a5b4-b06d30889742_3.jpg,3,52.0,48.0,2495.99,1.0833,75.3878
FN_8da22b10-43fe-45b4-9833-3f4de87bdff7_0.jpg,0,86.0,28.0,2408.01,3.0714,104.3388
FN_8f48c1ea-ae60-4b97-9abe-f88f492fd07b_0.jpg,0,65.0,53.0,3445.04,1.2264,123.3784
FN_8f7dd9da-ba32-40aa-95c9-467d7e284147_0.jpg,0,35.0,40.0,1399.99,0.875,102.2913
FN_8f7dd9da-ba32-40aa-95c9-467d7e284147_1.jpg,1,43.0,43.0,1848.98,1.0,66.9225
FN_904fda41-2304-4ade-acce-693dd98f2106_0.jpg,0,44.0,54.0,2376.0,0.8148,65.8575
FN_90e9b0c6-1a38-4d16-b0fb-87b90b6cb8f7_0.jpg,0,88.0,32.0,2816.02,2.75,164.6916
FN_90e9b0c6-1a38-4d16-b0fb-87b90b6cb8f7_1.jpg,1,100.0,59.0,5899.97,1.6949,93.5826
FN_90e9b0c6-1a38-4d16-b0fb-87b90b6cb8f7_2.jpg,2,104.0,79.0,8215.91,1.3165,149.5895
FN_91986828-7eed-4a19-90ee-0c9fbcb1ce2a_0.jpg,0,32.0,38.0,1215.99,0.8421,93.2489
FN_91b4b1be-56e1-4f21-9652-3db9b0a01d11_0.jpg,0,30.0,64.0,1920.01,0.4688,79.3999
FN_93cee2e7-51c2-4492-9b53-8dd03d533e53_0.jpg,0,44.0,69.0,3036.03,0.6377,82.5726
FN_93cee2e7-51c2-4492-9b53-8dd03d533e53_1.jpg,1,41.0,47.0,1926.98,0.8723,99.1616
FN_93cee2e7-51c2-4492-9b53-8dd03d533e53_2.jpg,2,95.0,54.0,5129.94,1.7593,75.3911
FN_942a1406-5c37-434c-91d1-05c64ba2386b_0.jpg,0,37.0,28.0,1036.01,1.3214,76.9219
FN_95283df3-950c-47d3-aab2-6ea59ba88ddd_0.jpg,0,47.0,75.0,3524.95,0.6267,78.3251
FN_95dfdc82-f6d3-41d3-95e7-9392f7ae9036_0.jpg,0,75.0,63.0,4724.96,1.1905,28.2539
FN_9631ba72-c262-410f-a0db-d3d1196f37e8_0.jpg,0,87.0,70.0,6089.97,1.2429,65.102
FN_9631ba72-c262-410f-a0db-d3d1196f37e8_1.jpg,1,100.0,84.0,8399.95,1.1905,62.1729
FN_9b34b9d2-f9da-44e1-b6d3-49f40a79286a_0.jpg,0,82.0,92.0,7544.01,0.8913,40.3109
FN_9b34b9d2-f9da-44e1-b6d3-49f40a79286a_1.jpg,1,44.0,53.0,2332.02,0.8302,42.7812
FN_9b34b9d2-f9da-44e1-b6d3-49f40a79286a_2.jpg,2,73.0,92.0,6716.01,0.7935,38.9279
FN_9b34b9d2-f9da-44e1-b6d3-49f40a79286a_3.jpg,3,76.0,77.0,5852.0,0.987,32.9428
FN_9b34b9d2-f9da-44e1-b6d3-49f40a79286a_4.jpg,4,37.0,37.0,1369.01,1.0,47.0661
FN_9b34b9d2-f9da-44e1-b6d3-49f40a79286a_5.jpg,5,65.0,50.0,3250.01,1.3,29.1384
FN_9b34b9d2-f9da-44e1-b6d3-49f40a79286a_6.jpg,6,49.0,31.0,1518.99,1.5807,44.1449
FN_9b3eae8a-2a6a-41cb-9d47-cbaf250c02be_0.jpg,0,36.0,69.0,2483.99,0.5217,77.2807
FN_9d01599a-aa48-4e58-a6d6-db61591be18f_0.jpg,0,73.0,29.0,2116.98,2.5173,93.3859
FN_9dc27adb-5523-4e71-8e51-37968f8ee2f9_0.jpg,0,53.0,36.0,1907.99,1.4722,61.9993
FN_9dc27adb-5523-4e71-8e51-37968f8ee2f9_1.jpg,1,48.0,62.0,2976.01,0.7742,57.7952
FN_9dc27adb-5523-4e71-8e51-37968f8ee2f9_2.jpg,2,31.0,34.0,1053.98,0.9118,85.5363
FN_9ddfa324-5ee8-4ad2-86c2-aa4de9bc159b_0.jpg,0,63.0,47.0,2960.95,1.3404,80.4785
FN_9f3005d1-8040-4225-a8c6-f962df96ac95_0.jpg,0,89.0,54.0,4805.96,1.6482,109.8962
FN_9fdfcb58-0b42-43a2-a0f3-c994942358c9_0.jpg,0,59.0,35.0,2065.01,1.6857,103.2415
FN_9fdfcb58-0b42-43a2-a0f3-c994942358c9_1.jpg,1,52.0,35.0,1820.01,1.4857,103.7501
FN_a065d82f-65b2-43f1-a5ef-5ba109588086_0.jpg,0,66.0,63.0,4157.96,1.0476,64.6232
FN_a18721b8-04a3-4643-8fc5-89491eb61c3b_0.jpg,0,80.0,73.0,5840.0,1.0959,74.4391
FN_a21447b5-d4ba-4803-aafa-4d95aa8679bd_0.jpg,0,58.0,94.0,5452.04,0.617,99.0492
FN_a21447b5-d4ba-4803-aafa-4d95aa8679bd_1.jpg,1,64.0,89.0,5696.0,0.7191,76.5652
FN_a3fb53e6-3284-4a99-988b-8b8f9983f2fd_0.jpg,0,46.0,44.0,2024.02,1.0455,100.4122
FN_a57bf4b9-88f0-41d2-8cbe-f98d6135486b_0.jpg,0,19.0,53.0,1007.02,0.3585,124.695
FN_a57bf4b9-88f0-41d2-8cbe-f98d6135486b_1.jpg,1,99.0,75.0,7425.01,1.32,81.0966
FN_a725c155-a3ed-4ad3-9ff0-3ec7256df915_0.jpg,0,34.0,52.0,1767.98,0.6538,72.095
FN_a7abe3ac-5de4-498b-adf4-bb9425eb590f_0.jpg,0,46.0,41.0,1886.0,1.122,92.363
FN_a9450828-f5ab-4d78-a8f5-9e3ecd20833d_0.jpg,0,67.0,19.0,1273.03,3.5263,81.5019
FN_a9a2db20-f763-43c9-b8e9-cee2192bb068_0.jpg,0,43.0,54.0,2321.97,0.7963,57.473
FN_a9a2db20-f763-43c9-b8e9-cee2192bb068_1.jpg,1,51.0,59.0,3009.01,0.8644,42.4268
FN_aa0f01d1-39c1-46eb-9ce6-19851fe0845a_0.jpg,0,48.0,89.0,4272.0,0.5393,104.1697
FN_aa0f01d1-39c1-46eb-9ce6-19851fe0845a_1.jpg,1,58.0,62.0,3596.03,0.9355,96.8212
FN_aa0f01d1-39c1-46eb-9ce6-19851fe0845a_2.jpg,2,58.0,51.0,2958.04,1.1373,86.2499
FN_ab73f3b6-ff40-4442-a4c8-bf2c419ed5b9_0.jpg,0,36.0,66.0,2375.98,0.5455,88.0837
FN_abe2ea97-04a2-4ec2-9282-5018529da821_0.jpg,0,81.0,65.0,5265.06,1.2462,119.2998
FN_acf5ef05-0803-4620-a811-f35173c4b42f_0.jpg,0,83.0,65.0,5395.06,1.2769,144.2197
FN_acf5ef05-0803-4620-a811-f35173c4b42f_1.jpg,1,82.0,66.0,5411.98,1.2424,144.3504
FN_acf5ef05-0803-4620-a811-f35173c4b42f_2.jpg,2,34.0,56.0,1904.01,0.6071,112.1467
FN_b138d0ea-b942-420a-b43b-f1db4ec97635_0.jpg,0,39.0,38.0,1481.99,1.0263,88.859
FN_b138d0ea-b942-420a-b43b-f1db4ec97635_1.jpg,1,24.0,35.0,840.02,0.6857,57.0964
FN_b138d0ea-b942-420a-b43b-f1db4ec97635_2.jpg,2,46.0,21.0,966.01,2.1905,146.9078
FN_b5d7bbaf-e09a-45fc-8da5-889a29f9f724_0.jpg,0,53.0,77.0,4081.0,0.6883,70.8506
FN_b6a99b5c-ab76-45b5-bf17-3ea346b1cb11_0.jpg,0,75.0,30.0,2250.0,2.5,116.124
FN_b928587f-ecf9-4453-9ab3-41d3e52c3101_0.jpg,0,48.0,37.0,1776.01,1.2973,70.6345
FN_b9c34f0f-a775-4172-9e29-567988a9310c_0.jpg,0,58.0,62.0,3596.03,0.9355,89.8204
FN_ba4c31dc-59e5-41f7-ba90-02df4741915e_0.jpg,0,73.0,27.0,1970.98,2.7037,97.9134
FN_bb95cdb6-4ea4-40d6-b73f-92600f8ba5fb_0.jpg,0,20.0,59.0,1179.98,0.339,132.9357
FN_bb95cdb6-4ea4-40d6-b73f-92600f8ba5fb_1.jpg,1,60.0,35.0,2100.03,1.7143,137.6453
FN_bba9cd25-0357-4e6b-ae1d-2ce53fca7f05_0.jpg,0,39.0,51.0,1989.02,0.7647,130.425
FN_bce73a51-c867-4ef1-bd11-3fe1b3148f1a_0.jpg,0,49.0,39.0,1911.02,1.2564,103.5886
FN_bce73a51-c867-4ef1-bd11-3fe1b3148f1a_1.jpg,1,29.0,36.0,1043.98,0.8056,114.2302
FN_bce73a51-c867-4ef1-bd11-3fe1b3148f1a_2.jpg,2,23.0,24.0,552.01,0.9583,112.3852
FN_bda681a9-e15a-47cc-9176-b6a8a29f59ec_0.jpg,0,51.0,32.0,1632.01,1.5938,122.9071
FN_bda681a9-e15a-47cc-9176-b6a8a29f59ec_1.jpg,1,43.0,49.0,2107.01,0.8775,101.7292
FN_c0780a1b-21d6-4ffe-8c9e-cdc52860c02a_0.jpg,0,73.0,43.0,3138.98,1.6977,108.7423
FN_c07e7e37-61b8-405c-a9eb-acd0159cb8be_0.jpg,0,86.0,67.0,5762.0,1.2836,115.5713
FN_c07e7e37-61b8-405c-a9eb-acd0159cb8be_1.jpg,1,178.0,68.0,12103.94,2.6177,100.0837
FN_c0abee55-c81c-4a20-aaf0-b0abc6238e53_0.jpg,0,58.0,112.0,6496.04,0.5179,136.0736
FN_c0abee55-c81c-4a20-aaf0-b0abc6238e53_1.jpg,1,41.0,48.0,1968.0,0.8542,131.8793
FN_c0abee55-c81c-4a20-aaf0-b0abc6238e53_2.jpg,2,68.0,68.0,4623.96,1.0,141.6586
FN_c14ebedb-c5cd-4847-9d30-ca29efa97d1b_0.jpg,0,73.0,42.0,3066.03,1.7381,105.491
FN_c345e23d-d660-4242-9976-53a23db4287a_0.jpg,0,43.0,47.0,2020.97,0.9149,53.232
FN_c396daaa-3681-466e-90d9-5a62ddafc6d2_0.jpg,0,80.0,54.0,4319.97,1.4815,93.4012
FN_c396daaa-3681-466e-90d9-5a62ddafc6d2_1.jpg,1,67.0,76.0,5092.04,0.8816,75.2482
FN_c396daaa-3681-466e-90d9-5a62ddafc6d2_2.jpg,2,73.0,57.0,4160.99,1.2807,62.2081
FN_c396daaa-3681-466e-90d9-5a62ddafc6d2_3.jpg,3,102.0,78.0,7955.98,1.3077,77.5415
FN_c4be4d2c-3455-4cae-88d9-b9913ee711d7_0.jpg,0,80.0,58.0,4640.03,1.3793,91.8165
FN_c5c4ba06-98bd-445b-b9fe-8b9aa85423d2_0.jpg,0,91.0,93.0,8462.96,0.9785,46.683
FN_c7675208-31e4-4d8e-b001-aa277f63d81f_0.jpg,0,28.0,50.0,1400.01,0.56,111.8709
FN_c7675208-31e4-4d8e-b001-aa277f63d81f_1.jpg,1,37.0,56.0,2072.03,0.6607,76.6905
FN_ca28aafc-85bb-45ca-9387-87c4852292df_0.jpg,0,94.0,47.0,4417.96,2.0,104.9618
FN_ca28aafc-85bb-45ca-9387-87c4852292df_1.jpg,1,68.0,70.0,4759.96,0.9714,107.2895
FN_cbcdd66b-4ec4-4fd7-a770-a7a94f119c20_0.jpg,0,61.0,47.0,2866.96,1.2979,50.297
FN_d02bbc87-88c7-4743-8741-f505918c7c57_0.jpg,0,32.0,92.0,2944.01,0.3478,66.7103
FN_d36d0d92-288c-44ce-afd6-6ee0de874bc3_0.jpg,0,36.0,78.0,2807.99,0.4615,73.6551
FN_d36d0d92-288c-44ce-afd6-6ee0de874bc3_1.jpg,1,58.0,46.0,2668.02,1.2609,124.7313
FN_d5987e47-8dda-40f8-807b-de468f21bc89_0.jpg,0,43.0,36.0,1547.98,1.1944,123.776
FN_d5987e47-8dda-40f8-807b-de468f21bc89_1.jpg,1,60.0,67.0,4020.04,0.8955,154.0756
FN_d673ed51-30ce-49d8-80b1-179b52dc7805_0.jpg,0,40.0,38.0,1519.97,1.0526,68.1946
FN_d673ed51-30ce-49d8-80b1-179b52dc7805_1.jpg,1,52.0,50.0,2599.98,1.04,95.2551
FN_d7593060-9f57-446f-929b-e199e41a13a3_0.jpg,0,44.0,42.0,1848.03,1.0476,92.0118
FN_d7593060-9f57-446f-929b-e199e41a13a3_1.jpg,1,24.0,55.0,1320.03,0.4364,124.5814
FN_d93054e5-b51f-4b20-afa9-7df81ab503dd_0.jpg,0,48.0,95.0,4559.98,0.5053,115.7059
FN_db29c560-478e-4368-bfe2-0d120a12a781_0.jpg,0,58.0,50.0,2900.01,1.16,155.5877
FN_df01db52-992e-4c33-a404-4bf402f4fdb4_0.jpg,0,30.0,30.0,900.01,1.0,135.2561
FN_df01db52-992e-4c33-a404-4bf402f4fdb4_1.jpg,1,67.0,47.0,3148.99,1.4256,106.0263
FN_df01db52-992e-4c33-a404-4bf402f4fdb4_2.jpg,2,36.0,48.0,1727.99,0.75,119.9668
FN_e3b8c9ad-3a97-4228-b58d-32f16f37f066_0.jpg,0,65.0,54.0,3510.0,1.2037,91.709
FN_e3ca2260-f9f9-4e97-9684-6962d2e1d6b2_0.jpg,0,40.0,30.0,1199.99,1.3333,116.0837
FN_e3ca2260-f9f9-4e97-9684-6962d2e1d6b2_1.jpg,1,56.0,57.0,3192.03,0.9825,103.5475
FN_e4820e62-e84b-46aa-ac98-0638f20464a9_0.jpg,0,51.0,64.0,3264.02,0.7969,69.8102
FN_e624b107-5bff-4a04-964c-2e1a165d9081_0.jpg,0,41.0,45.0,1844.98,0.9111,107.4275
FN_e6be9768-f955-4b10-b3c3-71b14cf7cda0_0.jpg,0,78.0,44.0,3432.03,1.7727,77.7547
FN_e876b287-1238-41ca-aa0c-463293466d44_0.jpg,0,28.0,94.0,2632.03,0.2979,158.8439
FN_e876b287-1238-41ca-aa0c-463293466d44_1.jpg,1,60.0,59.0,3540.0,1.017,112.4376
FN_e9c11091-1d27-4cfa-9e72-24e564d754cc_0.jpg,0,58.0,68.0,3944.01,0.853,57.9615
FN_e9c11091-1d27-4cfa-9e72-24e564d754cc_1.jpg,1,42.0,57.0,2394.02,0.7368,133.0701
FN_e9c7f251-5b4c-40b4-a804-cddef0611aa9_0.jpg,0,65.0,43.0,2795.01,1.5116,46.5881
FN_ea04589e-f48c-43b5-a47f-b1a8e84b85ce_0.jpg,0,48.0,39.0,1872.0,1.2308,88.4955
FN_ea04589e-f48c-43b5-a47f-b1a8e84b85ce_1.jpg,1,36.0,47.0,1691.97,0.766,72.5245
FN_ea04589e-f48c-43b5-a47f-b1a8e84b85ce_2.jpg,2,30.0,47.0,1409.99,0.6383,77.7629
FN_ea2f1d51-1878-48ce-8edc-9d8a17f2dce8_0.jpg,0,67.0,20.0,1339.99,3.3501,166.2294
FN_ed28340e-5d68-4d77-aabf-827299705f10_0.jpg,0,50.0,63.0,3149.97,0.7937,93.9959
FN_ee27fad4-ab0f-4790-82b5-c8e6e22cc96f_0.jpg,0,44.0,22.0,967.99,2.0,109.0808
FN_efa607b1-b884-48ef-bd47-17235e1587f4_0.jpg,0,78.0,164.0,12792.0,0.4756,111.9945
FN_efa607b1-b884-48ef-bd47-17235e1587f4_1.jpg,1,34.0,30.0,1020.0,1.1333,85.2106
FN_efbd0e00-4122-4806-9d74-f6ae91ca33ee_0.jpg,0,77.0,46.0,3542.0,1.6739,50.5826
FN_f07909e3-06dc-464d-b2a6-474916fcf1e5_0.jpg,0,36.0,45.0,1619.98,0.8,71.9647
FN_f07909e3-06dc-464d-b2a6-474916fcf1e5_1.jpg,1,31.0,50.0,1549.97,0.62,80.5926
FN_f19ff225-32a0-48a8-85a3-7777be4d0fba_0.jpg,0,91.0,42.0,3822.03,2.1666,114.5697
FN_f19ff225-32a0-48a8-85a3-7777be4d0fba_1.jpg,1,49.0,31.0,1518.99,1.5807,64.2945
FN_f1aecec0-0774-4dc3-973b-2f5e66bd5fe8_0.jpg,0,64.0,48.0,3072.0,1.3333,114.1837
FN_f1ba6040-a456-4aa1-ac8b-db8053a818b4_0.jpg,0,50.0,41.0,2049.99,1.2195,91.6428
FN_f284f94f-b626-4490-b1e6-b190024f32ff_0.jpg,0,74.0,106.0,7844.07,0.6981,128.1543
FN_f50891af-c8a5-44e7-9bce-28e686539251_0.jpg,0,21.0,92.0,1932.02,0.2283,131.1116
FN_f510ac10-8184-495a-b2ef-fe52fee0151c_0.jpg,0,62.0,45.0,2789.99,1.3778,133.7772
FN_f510ac10-8184-495a-b2ef-fe52fee0151c_1.jpg,1,27.0,25.0,674.99,1.08,125.3161
FN_f5733de8-9e71-40ac-9996-1d642e386305_0.jpg,0,41.0,30.0,1230.0,1.3667,87.5778
FN_f5733de8-9e71-40ac-9996-1d642e386305_1.jpg,1,47.0,34.0,1597.98,1.3823,89.713
FN_f5753c7a-3ad1-4086-924e-587be91f79c8_0.jpg,0,67.0,48.0,3216.01,1.3958,95.4189
FN_f585e2e8-00e1-467b-bc23-b86aa54c228e_0.jpg,0,56.0,101.0,5656.06,0.5545,45.7935
FN_f585e2e8-00e1-467b-bc23-b86aa54c228e_1.jpg,1,41.0,107.0,4386.98,0.3832,60.1623
FN_f7348afb-9eb4-4529-af2e-ec4f4ab21555_0.jpg,0,61.0,99.0,6038.99,0.6162,140.0615
FN_f7348afb-9eb4-4529-af2e-ec4f4ab21555_1.jpg,1,70.0,75.0,5249.96,0.9333,127.0512
FN_f87c9775-49fb-4785-b95e-841e2b827bd2_0.jpg,0,44.0,56.0,2464.04,0.7857,53.186
FN_fa5f7922-6a49-4d9e-b2c8-47cdcba09270_0.jpg,0,38.0,44.0,1671.99,0.8636,135.964
FN_fa5f7922-6a49-4d9e-b2c8-47cdcba09270_1.jpg,1,75.0,53.0,3975.0,1.4151,140.0558
FN_fa5f7922-6a49-4d9e-b2c8-47cdcba09270_2.jpg,2,48.0,47.0,2255.98,1.0213,136.9227
FN_fac23316-f567-4c17-9d41-e4525b2ff47d_0.jpg,0,68.0,61.0,4147.96,1.1148,64.1436
FN_fac23316-f567-4c17-9d41-e4525b2ff47d_1.jpg,1,72.0,37.0,2664.0,1.9459,50.9824
FN_fac23316-f567-4c17-9d41-e4525b2ff47d_2.jpg,2,73.0,71.0,5183.0,1.0282,66.0131
FN_fac23316-f567-4c17-9d41-e4525b2ff47d_3.jpg,3,44.0,36.0,1584.0,1.2222,59.2705
FN_fac23316-f567-4c17-9d41-e4525b2ff47d_4.jpg,4,39.0,45.0,1754.99,0.8667,57.0145
FN_fac23316-f567-4c17-9d41-e4525b2ff47d_5.jpg,5,38.0,39.0,1481.99,0.9743,44.4274
FN_fb6fbcb8-3c75-400b-bff0-5249498e4b94_0.jpg,0,43.0,29.0,1246.98,1.4828,87.9444
FN_fb6fbcb8-3c75-400b-bff0-5249498e4b94_1.jpg,1,53.0,35.0,1855.02,1.5143,58.2228
FN_fcfe7ad5-90bb-4904-9feb-5e57cf3bc63a_0.jpg,0,36.0,49.0,1764.0,0.7347,139.4033
FN_fe0235d4-cc02-46bd-b1af-a7e9aec02201_0.jpg,0,40.0,36.0,1439.97,1.1111,91.3782
FN_fe0235d4-cc02-46bd-b1af-a7e9aec02201_1.jpg,1,62.0,107.0,6634.0,0.5794,90.1093
FN_feac8a2a-d60a-479d-87de-5cdb0c0e8598_0.jpg,0,37.0,60.0,2220.02,0.6167,114.0694
FN_feac8a2a-d60a-479d-87de-5cdb0c0e8598_1.jpg,1,44.0,83.0,3652.04,0.5301,122.6436
FN_feac8a2a-d60a-479d-87de-5cdb0c0e8598_2.jpg,2,56.0,85.0,4760.05,0.6588,115.7481
FN_feac8a2a-d60a-479d-87de-5cdb0c0e8598_3.jpg,3,74.0,72.0,5327.99,1.0278,133.7178
FN_feb48cf1-754b-43a6-ac86-3bae18a8d63b_0.jpg,0,87.0,47.0,4088.96,1.8511,122.7025
FN_feb48cf1-754b-43a6-ac86-3bae18a8d63b_1.jpg,1,42.0,62.0,2604.03,0.6774,106.0195
FN_feb48cf1-754b-43a6-ac86-3bae18a8d63b_2.jpg,2,40.0,30.0,1199.99,1.3333,70.0635
FN_ff267c46-22b4-410e-b13b-3dc054f46895_0.jpg,0,54.0,37.0,1998.0,1.4594,81.8219
